"DateTime","Commits"
"2024-12-01",0
"2024-12-08",0
"2024-12-15",0
"2024-12-22",0
"2024-12-29",0
"2025-01-05",0
"2025-01-12",0
"2025-01-19",0
"2025-01-26",0
"2025-02-02",0
"2025-02-09",0
"2025-02-16",0
"2025-02-23",0
"2025-03-02",0
"2025-03-09",0
"2025-03-15",0
"2025-03-22",0
"2025-03-29",0
"2025-04-05",0
"2025-04-12",0
"2025-04-19",0
"2025-04-26",0
"2025-05-03",0
"2025-05-10",0
"2025-05-17",0
"2025-05-24",0
"2025-05-31",0
"2025-06-07",0
"2025-06-14",0
"2025-06-21",0
"2025-06-28",0
"2025-07-05",0
"2025-07-12",0
"2025-07-19",0
"2025-07-26",0
"2025-08-02",0
"2025-08-09",0
"2025-08-16",0
"2025-08-23",0
"2025-08-30",0
"2025-09-06",0
"2025-09-13",0
"2025-09-20",0
"2025-09-27",0
"2025-10-04",0
"2025-10-11",0
"2025-10-18",0
"2025-10-25",0
"2025-11-01",0
"2025-11-09",0
"2025-11-16",0
"2025-11-23",7
